221,"Adaptador 3 Fases",,,,0,0,45,,"un",,,,,,,,,,,,,,0,0,0,0
222,"Adaptador De Copoleno",,,,0,0,32,,"un",,,,,,,,,,,,,,,,,
223,"Adaptador De Tanque",,,,0,0,3,,"un",,,,,,,,,,,,,,,,,
224,"Alcate Com Ponta Peq",,,,0,0,12,,"un",,,,,,,,,,,,,,,,,
225,"Alcate De Soldar",,,,0,0,2,,"un",,,,,,,,,,,,,,,,,
226,"Alcate Grande",,,,0,0,12,,"un",,,,,,,,,,,,,,,,,
227,"Alcate Pequeno",,,,0,0,8,,"un",,,,,,,,,,,,,,,,,
228,"Almagre",,,,0,0,25.5,,"un",,,,,,,,,,,,,,,,,
229,"Ancinho De Ferro",,,,0,0,5,,"un",,,,,,,,,,,,,,,,,
230,"Andaimi",,,,0,0,2,,"un",,,,,,,,,,,,,,,,,
231,"Aquecedor De Agua",,,,0,0,1,,"un",,,,,,,,,,,,,,,,,
232,"Araldite",,,,0,0,9,,"un",,,,,,,,,,,,,,,,,
233,"Arami",,,,0,0,83,,"un",,,,,,,,,,,,,,,,,
234,"Arami Farpado",,,,0,0,1,,"un",,,,,,,,,,,,,,,,,
235,"Arami Galvanizado",,,,0,0,3,,"un",,,,,,,,,,,,,,,,,
236,"Arancador de lampada",,,,0,0,11,,"un",,,,,,,,,,,,,,,,,
237,"Arro",,,,0,0,1,,"un",,,,,,,,,,,,,,,,,
238,"Auricular De Seralheiro",,,,0,0,2,,"un",,,,,,,,,,,,,,,,,
239,"Autocolismo De Porcelana",,,,0,0,2,,"un",,,,,,,,,,,,,,,,,
240,"Autocolismo ELF Plastico",,,,0,0,1,,"un",,,,,,,,,,,,,,,,,
241,"Bacia Grande",,,,0,0,6,,"un",,,,,,,,,,,,,,,,,
242,"Bacia Pequena",,,,0,0,6,,"un",,,,,,,,,,,,,,,,,
243,"Balanca Electronica",,,,0,0,1,,"un",,,,,,,,,,,,,,,,,
244,"Balanca Manual",,,,0,0,4,,"un",,,,,,,,,,,,,,,,,
245,"Balde Preto grande",,,,0,0,16,,"un",,,,,,,,,,,,,,,,,
246,"Balde Preto medio",,,,0,0,20,,"un",,,,,,,,,,,,,,,,,
247,"Balde Preto pequeno",,,,0,0,30,,"un",,,,,,,,,,,,,,,,,
248,"Banheira 1.5 Fibra",,,,0,0,2,,"un",,,,,,,,,,,,,,,,,
249,"Banheira 1.7 Fibra",,,,0,0,1,,"un",,,,,,,,,,,,,,,,,
250,"Barra de  ferro 25*5",,,,0,0,12,,"un",,,,,,,,,,,,,,,,,
251,"Barra De Ferro 20*3",,,,0,0,8,,"un",,,,,,,,,,,,,,,,,
252,"Barra De Ferro 20*5",,,,0,0,4,,"un",,,,,,,,,,,,,,,,,
253,"Barra De Juncao 8mm",,,,0,0,5,,"un",,,,,,,,,,,,,,,,,
254,"Barrote",,,,0,0,6,,"un",,,,,,,,,,,,,,,,,
255,"Base De Lampada Grande",,,,0,0,2,,"un",,,,,,,,,,,,,,,,,
256,"Berbaquim",,,,0,0,1,,"un",,,,,,,,,,,,,,,,,
257,"Betume 1kg",,,,0,0,47,,"un",,,,,,,,,,,,,,,,,
258,"Bicha Flexivel 60cm",,,,0,0,4,,"un",,,,,,,,,,,,,,,,,
259,"Bicha Flexivel 90cm",,,,0,0,32,,"un",,,,,,,,,,,,,,,,,
260,"Bicha Flexivel 90cm de Agua Quente",,,,0,0,44,,"un",,,,,,,,,,,,,,,,,
261,"Bloco De Vidro",,,,0,0,6,,"un",,,,,,,,,,,,,,,,,
262,"Bocal De Parede",,,,0,0,26,,"un",,,,,,,,,,,,,,,,,
263,"Bocal De Porcelana",,,,0,0,43,,"un",,,,,,,,,,,,,,,,,
264,"Bocal Plastico",,,,0,0,99,,"un",,,,,,,,,,,,,,,,,
265,"Bomba De Machamba",,,,0,0,3,,"un",,,,,,,,,,,,,,,,,
266,"Bomba De Sanita",,,,0,0,10,,"un",,,,,,,,,,,,,,,,,
267,"Bomba Pressao de agua",,,,0,0,2,,"un",,,,,,,,,,,,,,,,,
268,"Bota De Machamba",,,,0,0,9,,"un",,,,,,,,,,,,,,,,,
269,"Boya Electrica",,,,0,0,1,,"un",,,,,,,,,,,,,,,,,
270,"Boya Mecanica",,,,0,0,3,,"un",,,,,,,,,,,,,,,,,
271,"Bracedeira 110 Ferro",,,,0,0,12,,"un",,,,,,,,,,,,,,,,,
272,"Bracedeira 3/4",,,,0,0,12,,"un",,,,,,,,,,,,,,,,,
273,"Bracedeira 50 Ferro",,,,0,0,20,,"un",,,,,,,,,,,,,,,,,
274,"Bracedeira 75 Ferro",,,,0,0,29,,"un",,,,,,,,,,,,,,,,,
275,"Bracedeira De Fio",,,,0,0,44,,"un",,,,,,,,,,,,,,,,,
276,"Bracedeira De Fio Avulso",,,,0,0,157,,"un",,,,,,,,,,,,,,,,,
277,"Bracedeira De Gas",,,,0,0,80,,"un",,,,,,,,,,,,,,,,,
278,"Bracedeira De Tubo Geral 50mm",,,,0,0,7,,"un",,,,,,,,,,,,,,,,,
279,"Braco De Choveiro",,,,0,0,6,,"un",,,,,,,,,,,,,,,,,
280,"Broca",,,,0,0,46,,"un",,,,,,,,,,,,,,,,,
281,"Bucha De Reducao",,,,0,0,223,,"un",,,,,,,,,,,,,,,,,
282,"Bucha Metalica 6mm",,,,0,0,50,,"un",,,,,,,,,,,,,,,,,
283,"Bucha Plastica 10mm",,,,0,0,2,,"un",,,,,,,,,,,,,,,,,
284,"Buchas Plasticas 6mm",,,,0,0,8,,"un",,,,,,,,,,,,,,,,,
285,"Buchas Plasticas 8mm",,,,0,0,9,,"un",,,,,,,,,,,,,,,,,
286,"Buchas Plasticas Avulso",,,,0,0,26,,"un",,,,,,,,,,,,,,,,,
287,"Buscapol Grande",,,,0,0,47,,"un",,,,,,,,,,,,,,,,,
288,"Buscapol Pequeno",,,,0,0,6,,"un",,,,,,,,,,,,,,,,,
289,"Cachimbo",,,,0,0,32,,"un",,,,,,,,,,,,,,,,,
290,"Cadiado 25mm",,,,0,0,8,,"un",,,,,,,,,,,,,,,,,
291,"Cadiado 32mm",,,,0,0,24,,"un",,,,,,,,,,,,,,,,,
292,"Cadiado 38mm",,,,0,0,27,,"un",,,,,,,,,,,,,,,,,
293,"Cadiado 40mm",,,,0,0,4,,"un",,,,,,,,,,,,,,,,,
294,"Cadiado 50mm",,,,0,0,22,,"un",,,,,,,,,,,,,,,,,
295,"Cadiado 60mm",,,,0,0,19,,"un",,,,,,,,,,,,,,,,,
296,"Cadiado 63mm",,,,0,0,2,,"un",,,,,,,,,,,,,,,,,
297,"Cadiado 70mm",,,,0,0,10,,"un",,,,,,,,,,,,,,,,,
298,"Cadiado 80mm",,,,0,0,4,,"un",,,,,,,,,,,,,,,,,
299,"Cadiado redondo 80mm",,,,0,0,4,,"un",,,,,,,,,,,,,,,,,
300,"Caiscas 40*40 1.44",,,,0,0,15,,"un",,,,,,,,,,,,,,,,,
301,"Caiscas 40*40 1mm",,,,0,0,35,,"un",,,,,,,,,,,,,,,,,
302,"Caixa Aparelhagem Fundo",,,,0,0,73,,"un",,,,,,,,,,,,,,,,,
303,"Caixa Aparelhagem Normal",,,,0,0,20,,"un",,,,,,,,,,,,,,,,,
304,"Caixa De Contador N 12",,,,0,0,5,,"un",,,,,,,,,,,,,,,,,
305,"Caixa De Contador N 24",,,,0,0,3,,"un",,,,,,,,,,,,,,,,,
306,"Caixa De Derivacao com Terra",,,,0,0,11,,"un",,,,,,,,,,,,,,,,,
307,"Caixa De Derivacao Exterior",,,,0,0,31,,"un",,,,,,,,,,,,,,,,,
308,"Caixa De Derivacao Interior",,,,0,0,18,,"un",,,,,,,,,,,,,,,,,
309,"Caixa De Disjuntor 13*16",,,,0,0,5,,"un",,,,,,,,,,,,,,,,,
310,"Caixa De Disjuntor 14*18",,,,0,0,2,,"un",,,,,,,,,,,,,,,,,
311,"Caixa De Disjuntor 17*20",,,,0,0,5,,"un",,,,,,,,,,,,,,,,,
312,"Caixa De Disjuntor 9*12",,,,0,0,5,,"un",,,,,,,,,,,,,,,,,
313,"Caixa De Disjuntor N 4",,,,0,0,2,,"un",,,,,,,,,,,,,,,,,
314,"Caixa de Disjuntor N 6",,,,0,0,2,,"un",,,,,,,,,,,,,,,,,
315,"Caixa De Disjuntor N 8",,,,0,0,4,,"un",,,,,,,,,,,,,,,,,
316,"Caixinha De Taxa",,,,0,0,5,,"un",,,,,,,,,,,,,,,,,
317,"Caleira 3metros",,,,0,0,4,,"un",,,,,,,,,,,,,,,,,
318,"Calia De Aluminio",,,,0,0,4,,"un",,,,,,,,,,,,,,,,,
319,"Calia De Aluminio Chines",,,,0,0,13,,"un",,,,,,,,,,,,,,,,,
320,"Calia De Plastico",,,,0,0,16,,"un",,,,,,,,,,,,,,,,,
321,"Camara",,,,0,0,1,,"un",,,,,,,,,,,,,,,,,
322,"Candieiro De Muro",,,,0,0,36,,"un",,,,,,,,,,,,,,,,,
323,"Canhao",,,,0,0,4,,"un",,,,,,,,,,,,,,,,,
324,"Cantonera 25*3",,,,0,0,11,,"un",,,,,,,,,,,,,,,,,
325,"Cantonera 25*5",,,,0,0,7,,"un",,,,,,,,,,,,,,,,,
326,"Cantonera 30*3",,,,0,0,9,,"un",,,,,,,,,,,,,,,,,
327,"Cantonera 40*3",,,,0,0,7,,"un",,,,,,,,,,,,,,,,,
328,"Cantonera T Gr",,,,0,0,5,,"un",,,,,,,,,,,,,,,,,
329,"Cantonera T Peq",,,,0,0,8,,"un",,,,,,,,,,,,,,,,,
330,"Cantonera Z Gr",,,,0,0,4,,"un",,,,,,,,,,,,,,,,,
331,"Cantonera Z Peq",,,,0,0,7,,"un",,,,,,,,,,,,,,,,,
332,"Carinha De Mao",,,,0,0,2,,"un",,,,,,,,,,,,,,,,,
333,"Carinha De Mao Original",,,,0,0,1,,"un",,,,,,,,,,,,,,,,,
334,"Catana",,,,0,0,23,,"un",,,,,,,,,,,,,,,,,
335,"Cefao De Banheira",,,,0,0,5,,"un",,,,,,,,,,,,,,,,,
336,"Cefao Duplo Para Lava Loica",,,,0,0,12,,"un",,,,,,,,,,,,,,,,,
337,"Cefao Flexivel",,,,0,0,12,,"un",,,,,,,,,,,,,,,,,
338,"Cefao Flexivel 110",,,,0,0,4,,"un",,,,,,,,,,,,,,,,,
339,"Cefao P $ S",,,,0,0,43,,"un",,,,,,,,,,,,,,,,,
340,"Cefao Para Lava Loica Uma Boca",,,,0,0,11,,"un",,,,,,,,,,,,,,,,,
341,"Cela Rosca",,,,0,0,8,,"un",,,,,,,,,,,,,,,,,
342,"Cerra Cobra",,,,0,0,9,,"un",,,,,,,,,,,,,,,,,
343,"Cerrote Arcor",,,,0,0,2,,"un",,,,,,,,,,,,,,,,,
344,"Cerrote De Ferro",,,,0,0,7,,"un",,,,,,,,,,,,,,,,,
345,"Cerrote De Madeira",,,,0,0,13,,"un",,,,,,,,,,,,,,,,,
346,"Chaleira Electrica",,,,0,0,4,,"un",,,,,,,,,,,,,,,,,
347,"Chapa 0.27 Zinco",,,,0,0,24,,"un",,,,,,,,,,,,,,,,,
348,"Chapa 0.30 Zinco",,,,0,0,15,,"un",,,,,,,,,,,,,,,,,
349,"Chapa 0.32 IBR Cor",,,,0,0,50,,"un",,,,,,,,,,,,,,,,,
350,"Chapa De Ferro 1.6",,,,0,0,2,,"un",,,,,,,,,,,,,,,,,
351,"Chapa IBR Branco",,,,0,0,14,,"un",,,,,,,,,,,,,,,,,
352,"Chapa Unitex",,,,0,0,5,,"un",,,,,,,,,,,,,,,,,
353,"Chave De Fenda",,,,0,0,20,,"un",,,,,,,,,,,,,,,,,
354,"Chave De Tubo N 12",,,,0,0,3,,"un",,,,,,,,,,,,,,,,,
355,"Chave De Tubo N 14",,,,0,0,2,,"un",,,,,,,,,,,,,,,,,
356,"Chave Frances",,,,0,0,6,,"un",,,,,,,,,,,,,,,,,
357,"Choveiro de mao",,,,0,0,16,,"un",,,,,,,,,,,,,,,,,
358,"Choveiro Grande",,,,0,0,8,,"un",,,,,,,,,,,,,,,,,
359,"Choveiro Higienico",,,,0,0,12,,"un",,,,,,,,,,,,,,,,,
360,"Choveiro Medio",,,,0,0,11,,"un",,,,,,,,,,,,,,,,,
361,"Choveiro Pequeno",,,,0,0,8,,"un",,,,,,,,,,,,,,,,,
362,"Cimento Branco",,,,0,0,23,,"un",,,,,,,,,,,,,,,,,
363,"Cimento Cola Chuta",,,,0,0,9,,"un",,,,,,,,,,,,,,,,,
364,"Cimento Cola Leao",,,,0,0,1,,"un",,,,,,,,,,,,,,,,,
365,"Cintas",,,,0,0,1978,,"un",,,,,,,,,,,,,,,,,
366,"Cola De Chapa",,,,0,0,66.5,,"un",,,,,,,,,,,,,,,,,
367,"Cola De Contacto Fevicol",,,,0,0,6,,"un",,,,,,,,,,,,,,,,,
368,"Cola De Contacto Grande",,,,0,0,3,,"un",,,,,,,,,,,,,,,,,
369,"Cola De Contacto Medio",,,,0,0,5,,"un",,,,,,,,,,,,,,,,,
370,"Cola De Contacto Pequeno",,,,0,0,30,,"un",,,,,,,,,,,,,,,,,
371,"Cola De Madeira Fevicol",,,,0,0,3,,"un",,,,,,,,,,,,,,,,,
372,"Cola De Madeira Grande",,,,0,0,4,,"un",,,,,,,,,,,,,,,,,
373,"Cola De Madeira Pequeno",,,,0,0,7,,"un",,,,,,,,,,,,,,,,,
374,"COLA Pvc Grande",,,,0,0,3,,"un",,,,,,,,,,,,,,,,,
375,"Cola PVC Medio",,,,0,0,3,,"un",,,,,,,,,,,,,,,,,
376,"Cola Pvc Pequeno",,,,0,0,18,,"un",,,,,,,,,,,,,,,,,
377,"Cola Tudo",,,,0,0,141,,"un",,,,,,,,,,,,,,,,,
378,"Colchao casal 18",,,,0,0,1,,"un",,,,,,,,,,,,,,,,,
379,"Colchao Casal 20",,,,0,0,1,,"un",,,,,,,,,,,,,,,,,
380,"Colchao Solteiro 15",,,,0,0,1,,"un",,,,,,,,,,,,,,,,,
381,"Colchao solteiro 3/4",,,,0,0,1,,"un",,,,,,,,,,,,,,,,,
382,"Colher De Pedreiro",,,,0,0,38,,"un",,,,,,,,,,,,,,,,,
383,"Colher Ingles",,,,0,0,21,,"un",,,,,,,,,,,,,,,,,
384,"Combota 3/4",,,,0,0,13,,"un",,,,,,,,,,,,,,,,,
385,"Contador de agua 15mm",,,,0,0,6,,"un",,,,,,,,,,,,,,,,,
386,"Contador de agua 20mm",,,,0,0,11,,"un",,,,,,,,,,,,,,,,,
387,"Contador De Agua Zinco",,,,0,0,6,,"un",,,,,,,,,,,,,,,,,
388,"Corda",,,,0,0,466.5,,"un",,,,,,,,,,,,,,,,,
389,"Corrante",,,,0,0,96,,"un",,,,,,,,,,,,,,,,,
390,"Corrante Unitint GR",,,,0,0,76,,"un",,,,,,,,,,,,,,,,,
391,"Corrente Grande",,,,0,0,3,,"un",,,,,,,,,,,,,,,,,
392,"Corrente Medio",,,,0,0,10,,"un",,,,,,,,,,,,,,,,,
393,"Corrente Pequeno",,,,0,0,10,,"un",,,,,,,,,,,,,,,,,
394,"Cortina Pequena",,,,0,0,4,,"un",,,,,,,,,,,,,,,,,
395,"Cotovelo 1 Polegada",,,,0,0,9,,"un",,,,,,,,,,,,,,,,,
396,"Cotovelo 3/4",,,,0,0,75,,"un",,,,,,,,,,,,,,,,,
397,"Creolina",,,,0,0,3,,"un",,,,,,,,,,,,,,,,,
398,"Curva 110 Com Boracha",,,,0,0,5,,"un",,,,,,,,,,,,,,,,,
399,"Curva 110 Com Bujao",,,,0,0,3,,"un",,,,,,,,,,,,,,,,,
400,"Curva 110 Sem Boracha",,,,0,0,17,,"un",,,,,,,,,,,,,,,,,
401,"Curva 3/4",,,,0,0,44,,"un",,,,,,,,,,,,,,,,,
402,"Curva 50",,,,0,0,73,,"un",,,,,,,,,,,,,,,,,
403,"Curva 50 Com Bujao",,,,0,0,11,,"un",,,,,,,,,,,,,,,,,
404,"Curva 75",,,,0,0,13,,"un",,,,,,,,,,,,,,,,,
405,"Curva Aperto rapido",,,,0,0,3,,"un",,,,,,,,,,,,,,,,,
406,"Curva Vd 20/16 Union-16.82",,,,0,0,157,,"un",,,,,,,,,,,,,,,,,
407,"Diluinte 750ml",,,,0,0,9,,"un",,,,,,,,,,,,,,,,,
408,"Disco De Corte P Forte Original",,,,0,0,4,,"un",,,,,,,,,,,,,,,,,
409,"Disco De Corte Ps Forte Chines",,,,0,0,9,,"un",,,,,,,,,,,,,,,,,
410,"Disco De Corte Ps Forte Medio",,,,0,0,54,,"un",,,,,,,,,,,,,,,,,
411,"Disco De Corte Psf Pequeno",,,,0,0,29,,"un",,,,,,,,,,,,,,,,,
412,"Disco De Limar",,,,0,0,4,,"un",,,,,,,,,,,,,,,,,
413,"Disco De Madeira",,,,0,0,8,,"un",,,,,,,,,,,,,,,,,
414,"Disco Diamante Grande",,,,0,0,4,,"un",,,,,,,,,,,,,,,,,
415,"Disco Diamante Medio",,,,0,0,5,,"un",,,,,,,,,,,,,,,,,
416,"Disco Diamante Pequeno",,,,0,0,10,,"un",,,,,,,,,,,,,,,,,
417,"Disjuntor Hager Duplo",,,,0,0,11,,"un",,,,,,,,,,,,,,,,,
418,"Disjuntor Hager Simples",,,,0,0,8,,"un",,,,,,,,,,,,,,,,,
419,"Disjuntor Kaxix Duplo",,,,0,0,7,,"un",,,,,,,,,,,,,,,,,
420,"Disjuntor Kaxix Simples",,,,0,0,39,,"un",,,,,,,,,,,,,,,,,
421,"Disjuntor LeGrand Duplo",,,,0,0,16,,"un",,,,,,,,,,,,,,,,,
422,"Disjuntor LeGrand Simples",,,,0,0,27,,"un",,,,,,,,,,,,,,,,,
423,"Disjuntor Triplo",,,,0,0,2,,"un",,,,,,,,,,,,,,,,,
424,"Dobradissa  2 Polegadas",,,,0,0,11.5,,"un",,,,,,,,,,,,,,,,,
425,"Dobradissa  3 Polegadas",,,,0,0,43,,"un",,,,,,,,,,,,,,,,,
426,"Dobradissa 4 Polegadas",,,,0,0,53,,"un",,,,,,,,,,,,,,,,,
427,"Dobradissa Borboleta",,,,0,0,22,,"un",,,,,,,,,,,,,,,,,
428,"Dobradissa De Portao N 16",,,,0,0,58.5,,"un",,,,,,,,,,,,,,,,,
429,"Dobradissa De Portao N 18",,,,0,0,22,,"un",,,,,,,,,,,,,,,,,
430,"Dobradissa De Portao N 20",,,,0,0,27.5,,"un",,,,,,,,,,,,,,,,,
431,"Dobradissa Oxford GR",,,,0,0,19.5,,"un",,,,,,,,,,,,,,,,,
432,"Dobradissa Oxford Peq",,,,0,0,10,,"un",,,,,,,,,,,,,,,,,
433,"Dobradissa Sul Africana",,,,0,0,87,,"un",,,,,,,,,,,,,,,,,
434,"Electrol Avulso",,,,0,0,1102,,"un",,,,,,,,,,,,,,,,,
435,"Electrol China",,,,0,0,23,,"un",,,,,,,,,,,,,,,,,
436,"Electrol de Afrox",,,,0,0,280,,"un",,,,,,,,,,,,,,,,,
437,"Electrol De Terra",,,,0,0,3,,"un",,,,,,,,,,,,,,,,,
438,"Electrol Promax",,,,0,0,15.5,,"un",,,,,,,,,,,,,,,,,
439,"Enxada",,,,0,0,6,,"un",,,,,,,,,,,,,,,,,
440,"Escova De Aco",,,,0,0,5,,"un",,,,,,,,,,,,,,,,,
441,"Espirito",,,,0,0,4,,"un",,,,,,,,,,,,,,,,,
442,"Esponja de pedreiro",,,,0,0,7,,"un",,,,,,,,,,,,,,,,,
443,"Espuma",,,,0,0,1,,"un",,,,,,,,,,,,,,,,,
444,"Esquadro 20cm",,,,0,0,7,,"un",,,,,,,,,,,,,,,,,
445,"Esquadro 30cm",,,,0,0,7,,"un",,,,,,,,,,,,,,,,,
446,"Esquadro 60cm",,,,0,0,3,,"un",,,,,,,,,,,,,,,,,
447,"Estabilizador",,,,0,0,1,,"un",,,,,,,,,,,,,,,,,
448,"Estante De Toalha",,,,0,0,3,,"un",,,,,,,,,,,,,,,,,
449,"Estribos 10",,,,0,0,711,,"un",,,,,,,,,,,,,,,,,
450,"Extensao Com Fio Chines 3 Bocas",,,,0,0,7,,"un",,,,,,,,,,,,,,,,,
451,"Extensao Com Fio Chines 4 Bocas",,,,0,0,10,,"un",,,,,,,,,,,,,,,,,
452,"Extensao Com Fio Chines 5 Bocas",,,,0,0,14,,"un",,,,,,,,,,,,,,,,,
453,"Extensao Com Fio chines 6 Bocas",,,,0,0,2,,"un",,,,,,,,,,,,,,,,,
454,"Extensao Ingelec Com Fio 3 Bocas",,,,0,0,4,,"un",,,,,,,,,,,,,,,,,
455,"Extensao Ingelec Com Fio 4 Bocas",,,,0,0,2,,"un",,,,,,,,,,,,,,,,,
456,"Extensao Ingelec Com Fio 5 Bocas",,,,0,0,3,,"un",,,,,,,,,,,,,,,,,
457,"Extensao Sem Fio 3 Bocas",,,,0,0,11,,"un",,,,,,,,,,,,,,,,,
458,"Extensao Sem Fio 4 Bocas",,,,0,0,20,,"un",,,,,,,,,,,,,,,,,
459,"Extensao Sem Fio 5 Bocas",,,,0,0,5,,"un",,,,,,,,,,,,,,,,,
460,"Fechadura Amarela",,,,0,0,3,,"un",,,,,,,,,,,,,,,,,
461,"Fechadura Bandeira",,,,0,0,6,,"un",,,,,,,,,,,,,,,,,
462,"Fechadura De Cozinha",,,,0,0,3,,"un",,,,,,,,,,,,,,,,,
463,"Fechadura De Gaveta",,,,0,0,12,,"un",,,,,,,,,,,,,,,,,
464,"Fechadura Ei",,,,0,0,2,,"un",,,,,,,,,,,,,,,,,
465,"Fechadura Elefante Grande",,,,0,0,1,,"un",,,,,,,,,,,,,,,,,
466,"Fechadura FNK",,,,0,0,3,,"un",,,,,,,,,,,,,,,,,
467,"Fechadura Godirgi",,,,0,0,1,,"un",,,,,,,,,,,,,,,,,
468,"Fechadura Lincy Grande",,,,0,0,10,,"un",,,,,,,,,,,,,,,,,
469,"Fechadura Lincy peq",,,,0,0,5,,"un",,,,,,,,,,,,,,,,,
470,"Fechadura Maq",,,,0,0,5,,"un",,,,,,,,,,,,,,,,,
471,"Fechadura Master",,,,0,0,7,,"un",,,,,,,,,,,,,,,,,
472,"Fechadura Micc",,,,0,0,8,,"un",,,,,,,,,,,,,,,,,
473,"Fechadura Pluto",,,,0,0,5,,"un",,,,,,,,,,,,,,,,,
474,"Fechadura Preta",,,,0,0,6,,"un",,,,,,,,,,,,,,,,,
475,"Fechadura Renz Peq",,,,0,0,7,,"un",,,,,,,,,,,,,,,,,
476,"Fechadura Universal P",,,,0,0,2,,"un",,,,,,,,,,,,,,,,,
477,"Fechadura Yale",,,,0,0,7,,"un",,,,,,,,,,,,,,,,,
478,"Fechadura Yale Com Pega",,,,0,0,5,,"un",,,,,,,,,,,,,,,,,
479,"Ferro De Estanhar",,,,0,0,2,,"un",,,,,,,,,,,,,,,,,
480,"Ficha Branca",,,,0,0,38,,"un",,,,,,,,,,,,,,,,,
481,"Ficha Preta",,,,0,0,4,,"un",,,,,,,,,,,,,,,,,
482,"Fio Chines PBC 2.5",,,,0,0,10,,"un",,,,,,,,,,,,,,,,,
483,"Fio Chines PBT 1.5",,,,0,0,32,,"un",,,,,,,,,,,,,,,,,
484,"Fio Chines PBT 2.5",,,,0,0,116,,"un",,,,,,,,,,,,,,,,,
485,"Fio De Coluna",,,,0,0,101,,"un",,,,,,,,,,,,,,,,,
486,"Fio De Extensor Plc",,,,0,0,94,,"un",,,,,,,,,,,,,,,,,
487,"FIO de Pedreiro",,,,0,0,17,,"un",,,,,,,,,,,,,,,,,
488,"FIO PBC Original 1.5",,,,0,0,16,,"un",,,,,,,,,,,,,,,,,
489,"Fio PBC Original 2.5",,,,0,0,41,,"un",,,,,,,,,,,,,,,,,
490,"Fio PBMR",,,,0,0,13,,"un",,,,,,,,,,,,,,,,,
491,"Fio PBT original 1.5",,,,0,0,90,,"un",,,,,,,,,,,,,,,,,
492,"Fio PBT Original 2.5",,,,0,0,425,,"un",,,,,,,,,,,,,,,,,
493,"Fita Cola",,,,0,0,24,,"un",,,,,,,,,,,,,,,,,
494,"Fita De Parede",,,,0,0,7,,"un",,,,,,,,,,,,,,,,,
495,"Fita isoladora",,,,0,0,47,,"un",,,,,,,,,,,,,,,,,
496,"Fita Metrica 10m",,,,0,0,9,,"un",,,,,,,,,,,,,,,,,
497,"Fita Metrica 30m",,,,0,0,3,,"un",,,,,,,,,,,,,,,,,
498,"Fita Metrica 3m",,,,0,0,20,,"un",,,,,,,,,,,,,,,,,
499,"Fita Metrica 50m",,,,0,0,4,,"un",,,,,,,,,,,,,,,,,
500,"Fita Metrica 5m",,,,0,0,18,,"un",,,,,,,,,,,,,,,,,
501,"Fita Metrica 7.5m",,,,0,0,28,,"un",,,,,,,,,,,,,,,,,
502,"Fita Taflon",,,,0,0,83,,"un",,,,,,,,,,,,,,,,,
503,"Fita Taflon Matt",,,,0,0,30,,"un",,,,,,,,,,,,,,,,,
504,"Flat Kote 20lt",,,,0,0,2,,"un",,,,,,,,,,,,,,,,,
505,"Fogao A Gas 2 bocas grande",,,,0,0,3,,"un",,,,,,,,,,,,,,,,,
506,"Fogao Electrico Duas Bocas",,,,0,0,3,,"un",,,,,,,,,,,,,,,,,
507,"Fogao Electrico Uma Boca",,,,0,0,2,,"un",,,,,,,,,,,,,,,,,
508,"Folha De Cerra",,,,0,0,41,,"un",,,,,,,,,,,,,,,,,
509,"Formao",,,,0,0,26,,"un",,,,,,,,,,,,,,,,,
510,"Kit De Sanita",,,,0,0,8,,"un",,,,,,,,,,,,,,,,,
511,"Kuxa Com Esponja",,,,0,0,4,,"un",,,,,,,,,,,,,,,,,
512,"Kuxa Kuxa Grande",,,,0,0,10,,"un",,,,,,,,,,,,,,,,,
513,"Kuxa Kuxa Medio",,,,0,0,5,,"un",,,,,,,,,,,,,,,,,
514,"Kuxa Kuxa Pequeno",,,,0,0,1,,"un",,,,,,,,,,,,,,,,,
515,"Lampada 105 WTS",,,,0,0,6,,"un",,,,,,,,,,,,,,,,,
516,"Lampada 7wts",,,,0,0,16,,"un",,,,,,,,,,,,,,,,,
517,"Lampada 85w",,,,0,0,9,,"un",,,,,,,,,,,,,,,,,
518,"Lampada Acumulador 12WTS",,,,0,0,36,,"un",,,,,,,,,,,,,,,,,
519,"Lampada Acumulador 15WTS",,,,0,0,51,,"un",,,,,,,,,,,,,,,,,
520,"Lampada Acumulador 7WTS",,,,0,0,40,,"un",,,,,,,,,,,,,,,,,
521,"Lampada Acumulador 9WTS",,,,0,0,36,,"un",,,,,,,,,,,,,,,,,
522,"Lampada De Placa 3w",,,,0,0,3,,"un",,,,,,,,,,,,,,,,,
523,"Lampada De Placa 6w",,,,0,0,6,,"un",,,,,,,,,,,,,,,,,
524,"Lampada De Placa 9w",,,,0,0,2,,"un",,,,,,,,,,,,,,,,,
525,"Lampada Euro",,,,0,0,32,,"un",,,,,,,,,,,,,,,,,
526,"Lampada Flood Light 100 W",,,,0,0,1,,"un",,,,,,,,,,,,,,,,,
527,"Lampada Flood Light 150 W",,,,0,0,2,,"un",,,,,,,,,,,,,,,,,
528,"Lampada LED 13 W",,,,0,0,6,,"un",,,,,,,,,,,,,,,,,
529,"Lampada LED 18 W",,,,0,0,56,,"un",,,,,,,,,,,,,,,,,
530,"Lampada LED 28W",,,,0,0,20,,"un",,,,,,,,,,,,,,,,,
531,"Lampada LED 38 W",,,,0,0,5,,"un",,,,,,,,,,,,,,,,,
532,"Lampada LED 5W",,,,0,0,27,,"un",,,,,,,,,,,,,,,,,
533,"Lampada LED 9w",,,,0,0,45,,"un",,,,,,,,,,,,,,,,,
534,"Lampada Philips Grande",,,,0,0,15,,"un",,,,,,,,,,,,,,,,,
535,"Lampada Philips Pequeno",,,,0,0,17,,"un",,,,,,,,,,,,,,,,,
536,"Lampada Redonda 40WTS",,,,0,0,23,,"un",,,,,,,,,,,,,,,,,
537,"Lava Loica De Duas Bocas",,,,0,0,2,,"un",,,,,,,,,,,,,,,,,
538,"Lava Loica De Uma Boca",,,,0,0,3,,"un",,,,,,,,,,,,,,,,,
539,"Lava Loica Inox Uma Boca",,,,0,0,1,,"un",,,,,,,,,,,,,,,,,
540,"Lavatorio",,,,0,0,4,,"un",,,,,,,,,,,,,,,,,
541,"Lisha",,,,0,0,165,,"un",,,,,,,,,,,,,,,,,
542,"Lona Plastica",,,,0,0,55.2,,"un",,,,,,,,,,,,,,,,,
543,"Lona Plastica Azul",,,,0,0,1,,"un",,,,,,,,,,,,,,,,,
544,"Luvas",,,,0,0,23,,"un",,,,,,,,,,,,,,,,,
545,"Machado",,,,0,0,3,,"un",,,,,,,,,,,,,,,,,
546,"Mangueira De Agua",,,,0,0,175,,"un",,,,,,,,,,,,,,,,,
547,"Mangueira de Gas",,,,0,0,27.8,,"un",,,,,,,,,,,,,,,,,
548,"Maquina De Chapisco",,,,0,0,2,,"un",,,,,,,,,,,,,,,,,
549,"Maquina De Rebit",,,,0,0,3,,"un",,,,,,,,,,,,,,,,,
550,"Maquina De Soldar",,,,0,0,1,,"un",,,,,,,,,,,,,,,,,
551,"Martelo",,,,0,0,23,,"un",,,,,,,,,,,,,,,,,
552,"Martelo De Boracha",,,,0,0,16,,"un",,,,,,,,,,,,,,,,,
553,"Massa De Ferro",,,,0,0,1,,"un",,,,,,,,,,,,,,,,,
554,"Massa De Vidro",,,,0,0,13,,"un",,,,,,,,,,,,,,,,,
555,"Massa Polfina",,,,0,0,1,,"un",,,,,,,,,,,,,,,,,
556,"Meia Curva 110",,,,0,0,7,,"un",,,,,,,,,,,,,,,,,
557,"Meia Curva 50",,,,0,0,23,,"un",,,,,,,,,,,,,,,,,
558,"Membrana",,,,0,0,3,,"un",,,,,,,,,,,,,,,,,
559,"Mesa R K",,,,0,0,3,,"un",,,,,,,,,,,,,,,,,
560,"Miolo De Autolismo",,,,0,0,1,,"un",,,,,,,,,,,,,,,,,
561,"Mono Commando",,,,0,0,2,,"un",,,,,,,,,,,,,,,,,
562,"Mope",,,,0,0,9,,"un",,,,,,,,,,,,,,,,,
563,"Niplo 1 Polegada",,,,0,0,17,,"un",,,,,,,,,,,,,,,,,
564,"Niplo 3/4",,,,0,0,70,,"un",,,,,,,,,,,,,,,,,
565,"Niplo De Ferro 3/4",,,,0,0,6,,"un",,,,,,,,,,,,,,,,,
566,"Nivel 100cm",,,,0,0,11,,"un",,,,,,,,,,,,,,,,,
567,"Nivel 40cm",,,,0,0,20,,"un",,,,,,,,,,,,,,,,,
568,"Nivel 50cm",,,,0,0,14,,"un",,,,,,,,,,,,,,,,,
569,"Nivel 60cm",,,,0,0,10,,"un",,,,,,,,,,,,,,,,,
570,"Nivel 80cm",,,,0,0,7,,"un",,,,,,,,,,,,,,,,,
571,"Nivel De Mangueira",,,,0,0,40,,"un",,,,,,,,,,,,,,,,,
572,"Oculos de Soldar",,,,0,0,7,,"un",,,,,,,,,,,,,,,,,
573,"Pa De Ferro",,,,0,0,5,,"un",,,,,,,,,,,,,,,,,
574,"Pa De Lixo",,,,0,0,7,,"un",,,,,,,,,,,,,,,,,
575,"Parafuso Preto",,,,0,0,366,,"un",,,,,,,,,,,,,,,,,
576,"Pati Grande",,,,0,0,12,,"un",,,,,,,,,,,,,,,,,
577,"Pati Pequeno",,,,0,0,17,,"un",,,,,,,,,,,,,,,,,
578,"Pedestal de Lavatorio",,,,0,0,1,,"un",,,,,,,,,,,,,,,,,
579,"Pedra De Limar",,,,0,0,5,,"un",,,,,,,,,,,,,,,,,
580,"Pega De Gaveta",,,,0,0,100,,"un",,,,,,,,,,,,,,,,,
581,"Pega De Porta Grande",,,,0,0,11,,"un",,,,,,,,,,,,,,,,,
582,"Pega De Porta Normal",,,,0,0,62,,"un",,,,,,,,,,,,,,,,,
583,"Photocel",,,,0,0,2,,"un",,,,,,,,,,,,,,,,,
584,"Picarete",,,,0,0,2,,"un",,,,,,,,,,,,,,,,,
585,"Pincel 1",,,,0,0,24,,"un",,,,,,,,,,,,,,,,,
586,"Pincel 1/5",,,,0,0,7,,"un",,,,,,,,,,,,,,,,,
587,"Pincel 2",,,,0,0,32,,"un",,,,,,,,,,,,,,,,,
588,"Pincel 2/5",,,,0,0,18,,"un",,,,,,,,,,,,,,,,,
589,"Pincel 3",,,,0,0,31,,"un",,,,,,,,,,,,,,,,,
590,"Pincel 4",,,,0,0,29,,"un",,,,,,,,,,,,,,,,,
591,"Pistola De Silicone",,,,0,0,5,,"un",,,,,,,,,,,,,,,,,
592,"Pol Ba",,,,0,0,2,,"un",,,,,,,,,,,,,,,,,
593,"Ponta Paredes",,,,0,0,2,,"un",,,,,,,,,,,,,,,,,
594,"Ponteiro",,,,0,0,22,,"un",,,,,,,,,,,,,,,,,
595,"Porta Original",,,,0,0,1,,"un",,,,,,,,,,,,,,,,,
596,"Postileta Gr",,,,0,0,1,,"un",,,,,,,,,,,,,,,,,
597,"PPR",,,,0,0,212,,"un",,,,,,,,,,,,,,,,,
598,"Prancha",,,,0,0,6,,"un",,,,,,,,,,,,,,,,,
599,"Prego Aco 4 Gr",,,,0,0,12,,"un",,,,,,,,,,,,,,,,,
600,"Prego De Aco 3 Polegada",,,,0,0,46,,"un",,,,,,,,,,,,,,,,,
601,"Prego De Aco 4 Polegadas",,,,0,0,9,,"un",,,,,,,,,,,,,,,,,
602,"Prego De Aco Avulso",,,,0,0,-135,,"un",,,,,,,,,,,,,,,,,
603,"Prego De Chapa 3",,,,0,0,13,,"un",,,,,,,,,,,,,,,,,
604,"Prego De Chapa 4",,,,0,0,17,,"un",,,,,,,,,,,,,,,,,
605,"Prego Normal 2",,,,0,0,35.5,,"un",,,,,,,,,,,,,,,,,
606,"Prego Normal 2.5",,,,0,0,18.25,,"un",,,,,,,,,,,,,,,,,
607,"Prego Normal 3",,,,0,0,16.41,,"un",,,,,,,,,,,,,,,,,
608,"Prego Normal 4",,,,0,0,9.25,,"un",,,,,,,,,,,,,,,,,
609,"Prego Normal 5",,,,0,0,27.5,,"un",,,,,,,,,,,,,,,,,
610,"Ralo Completo",,,,0,0,1,,"un",,,,,,,,,,,,,,,,,
611,"Ralo Ferro",,,,0,0,20,,"un",,,,,,,,,,,,,,,,,
612,"Ralo Plastico",,,,0,0,22,,"un",,,,,,,,,,,,,,,,,
613,"Raspadeira",,,,0,0,13,,"un",,,,,,,,,,,,,,,,,
614,"Rebarbadeira",,,,0,0,1,,"un",,,,,,,,,,,,,,,,,
615,"Rebit",,,,0,0,1161,,"un",,,,,,,,,,,,,,,,,
616,"Rede De Galinheira 1.2",,,,0,0,27.25,,"un",,,,,,,,,,,,,,,,,
617,"Rede De Janela",,,,0,0,35,,"un",,,,,,,,,,,,,,,,,
618,"Rede De Sombra",,,,0,0,28,,"un",,,,,,,,,,,,,,,,,
619,"Redutor De Gas Normal",,,,0,0,6,,"un",,,,,,,,,,,,,,,,,
620,"Redutor De Gas Original",,,,0,0,7,,"un",,,,,,,,,,,,,,,,,
621,"Redutor De Petrogas",,,,0,0,9,,"un",,,,,,,,,,,,,,,,,
622,"Regador",,,,0,0,5,,"un",,,,,,,,,,,,,,,,,
623,"Regulador de janela",,,,0,0,9,,"un",,,,,,,,,,,,,,,,,
624,"Regulador De Janela Sul Africana",,,,0,0,6,,"un",,,,,,,,,,,,,,,,,
625,"Regulador Vasculante",,,,0,0,13,,"un",,,,,,,,,,,,,,,,,
626,"Resistencia De Fogao",,,,0,0,15,,"un",,,,,,,,,,,,,,,,,
627,"Respirador 110",,,,0,0,2,,"un",,,,,,,,,,,,,,,,,
628,"Roldana 40",,,,0,0,3,,"un",,,,,,,,,,,,,,,,,
629,"Roldana 60",,,,0,0,4,,"un",,,,,,,,,,,,,,,,,
630,"Roldana 80",,,,0,0,5,,"un",,,,,,,,,,,,,,,,,
631,"Rolo De Pintor Grande",,,,0,0,8,,"un",,,,,,,,,,,,,,,,,
632,"Rolo de Pintor Pequeno",,,,0,0,12,,"un",,,,,,,,,,,,,,,,,
633,"Rolo Pequeno Com Caixa",,,,0,0,3,,"un",,,,,,,,,,,,,,,,,
634,"Saboneteiro",,,,0,0,7,,"un",,,,,,,,,,,,,,,,,
635,"Sanita Jogo",,,,0,0,1,,"un",,,,,,,,,,,,,,,,,
636,"Sanita Simples",,,,0,0,8,,"un",,,,,,,,,,,,,,,,,
637,"Selicone Leao",,,,0,0,20,,"un",,,,,,,,,,,,,,,,,
638,"Sellcone",,,,0,0,51,,"un",,,,,,,,,,,,,,,,,
639,"Sellcone Dura Mais",,,,0,0,7,,"un",,,,,,,,,,,,,,,,,
640,"Separador De Tijoleira",,,,0,0,21,,"un",,,,,,,,,,,,,,,,,
641,"Sexto De Roupa",,,,0,0,5,,"un",,,,,,,,,,,,,,,,,
642,"Soda Caustica",,,,0,0,1,,"un",,,,,,,,,,,,,,,,,
643,"Spray",,,,0,0,29,,"un",,,,,,,,,,,,,,,,,
644,"Suporte De Cortina",,,,0,0,36,,"un",,,,,,,,,,,,,,,,,
645,"Suporte Grande L",,,,0,0,29,,"un",,,,,,,,,,,,,,,,,
646,"Suporte L Pequeno",,,,0,0,3,,"un",,,,,,,,,,,,,,,,,
647,"Suporte Medio L",,,,0,0,28,,"un",,,,,,,,,,,,,,,,,
648,"T 1 Polegada",,,,0,0,10,,"un",,,,,,,,,,,,,,,,,
649,"T 110",,,,0,0,13,,"un",,,,,,,,,,,,,,,,,
650,"T 110 Com Boracha",,,,0,0,5,,"un",,,,,,,,,,,,,,,,,
651,"T 3/4",,,,0,0,31,,"un",,,,,,,,,,,,,,,,,
652,"T 50",,,,0,0,29,,"un",,,,,,,,,,,,,,,,,
653,"T 75",,,,0,0,10,,"un",,,,,,,,,,,,,,,,,
654,"T Azul Especial Peq",,,,0,0,9,,"un",,,,,,,,,,,,,,,,,
655,"T COPOLENO",,,,0,0,55,,"un",,,,,,,,,,,,,,,,,
656,"T especial aperto rapido",,,,0,0,7,,"un",,,,,,,,,,,,,,,,,
657,"Tampa De Sanita Verde",,,,0,0,5,,"un",,,,,,,,,,,,,,,,,
658,"Tampa De Sanita Vermelha",,,,0,0,3,,"un",,,,,,,,,,,,,,,,,
659,"Tampa De Volante",,,,0,0,9,,"un",,,,,,,,,,,,,,,,,
660,"Tanque De Agua 1000lt",,,,0,0,1,,"un",,,,,,,,,,,,,,,,,
661,"Tanque De Agua 500lt",,,,0,0,1,,"un",,,,,,,,,,,,,,,,,
662,"Tapete De Carro",,,,0,0,1,,"un",,,,,,,,,,,,,,,,,
663,"Tapete Original",,,,0,0,29,,"un",,,,,,,,,,,,,,,,,
664,"Tesoura de capim",,,,0,0,8,,"un",,,,,,,,,,,,,,,,,
665,"Tesoura De Chapa",,,,0,0,7,,"un",,,,,,,,,,,,,,,,,
666,"Tijoleira 20*30",,,,0,0,222,,"un",,,,,,,,,,,,,,,,,
667,"Tijoleira 25*38",,,,0,0,28,,"un",,,,,,,,,,,,,,,,,
668,"Tijoleira 30*30",,,,0,0,292,,"un",,,,,,,,,,,,,,,,,
669,"Tijoleira 40*40",,,,0,0,31,,"un",,,,,,,,,,,,,,,,,
670,"Tijoleira 60*30",,,,0,0,23,,"un",,,,,,,,,,,,,,,,,
671,"Tijoleira 60*60",,,,0,0,31,,"un",,,,,,,,,,,,,,,,,
672,"Tile Bond 1l",,,,0,0,7,,"un",,,,,,,,,,,,,,,,,
673,"Tile Bond 5l",,,,0,0,2,,"un",,,,,,,,,,,,,,,,,
674,"Tinner",,,,0,0,3,,"un",,,,,,,,,,,,,,,,,
675,"Tinta 18 Lt Nacional Ferro",,,,0,0,1,,"un",,,,,,,,,,,,,,,,,
676,"Tinta 20lt",,,,0,0,5,,"un",,,,,,,,,,,,,,,,,
677,"Tinta De Agua 15l",,,,0,0,3,,"un",,,,,,,,,,,,,,,,,
678,"Tinta De Agua 5l",,,,0,0,11,,"un",,,,,,,,,,,,,,,,,
679,"Tinta De Oleo 1l",,,,0,0,16,,"un",,,,,,,,,,,,,,,,,
680,"Tinta De Oleo 4l",,,,0,0,4,,"un",,,,,,,,,,,,,,,,,
681,"Tinta De Oleo 5lt",,,,0,0,2,,"un",,,,,,,,,,,,,,,,,
682,"Tomada interuptor Ingelec",,,,0,0,68,,"un",,,,,,,,,,,,,,,,,
683,"Tomada Redonda/externa",,,,0,0,49,,"un",,,,,,,,,,,,,,,,,
684,"Tomada Unik-interuptor",,,,0,0,182,,"un",,,,,,,,,,,,,,,,,
685,"Tomada-interuptor Wesa",,,,0,0,135,,"un",,,,,,,,,,,,,,,,,
686,"Torneira Branca 3/4",,,,0,0,47,,"un",,,,,,,,,,,,,,,,,
687,"Torneira Completa",,,,0,0,4,,"un",,,,,,,,,,,,,,,,,
688,"Torneira de Lava Loica Inox",,,,0,0,11,,"un",,,,,,,,,,,,,,,,,
689,"Torneira de Lava Loica Plastica",,,,0,0,13,,"un",,,,,,,,,,,,,,,,,
690,"Torneira De Lavatorio",,,,0,0,34,,"un",,,,,,,,,,,,,,,,,
691,"Torneira De Lavatorio Inox",,,,0,0,24,,"un",,,,,,,,,,,,,,,,,
692,"Torneira Esquadrilha Duplo",,,,0,0,5,,"un",,,,,,,,,,,,,,,,,
693,"Torneira Esquadrilha simples",,,,0,0,10,,"un",,,,,,,,,,,,,,,,,
694,"Torneira Meia",,,,0,0,270,,"un",,,,,,,,,,,,,,,,,
695,"Torneira Misturador De Banheira",,,,0,0,2,,"un",,,,,,,,,,,,,,,,,
696,"Torneira Misturador De Lavatorio",,,,0,0,1,,"un",,,,,,,,,,,,,,,,,
697,"Torneira Misturador Lava Loica",,,,0,0,2,,"un",,,,,,,,,,,,,,,,,
698,"Torneira Zinco",,,,0,0,9,,"un",,,,,,,,,,,,,,,,,
699,"Tracha",,,,0,0,3,,"un",,,,,,,,,,,,,,,,,
700,"Trancas De Torneira",,,,0,0,2,,"un",,,,,,,,,,,,,,,,,
701,"Tranqueta",,,,0,0,43,,"un",,,,,,,,,,,,,,,,,
702,"Tranqueta cromado",,,,0,0,39,,"un",,,,,,,,,,,,,,,,,
703,"Tranqueta De Ferro Pequena",,,,0,0,27,,"un",,,,,,,,,,,,,,,,,
704,"Tranqueta De Janela De Ferro",,,,0,0,18,,"un",,,,,,,,,,,,,,,,,
705,"Tranqueta De Janela de madeira",,,,0,0,10,,"un",,,,,,,,,,,,,,,,,
706,"Tranqueta Sul Africana",,,,0,0,29,,"un",,,,,,,,,,,,,,,,,
707,"Trinco 4",,,,0,0,9,,"un",,,,,,,,,,,,,,,,,
708,"Tubo 110 Azul",,,,0,0,20,,"un",,,,,,,,,,,,,,,,,
709,"Tubo 110 Cinzento",,,,0,0,11.5,,"un",,,,,,,,,,,,,,,,,
710,"Tubo 50 Azul",,,,0,0,18,,"un",,,,,,,,,,,,,,,,,
711,"Tubo 50 Cinzento",,,,0,0,13,,"un",,,,,,,,,,,,,,,,,
712,"Tubo 75 Azul",,,,0,0,19,,"un",,,,,,,,,,,,,,,,,
713,"Tubo Avulso",,,,0,0,-100.25,,"un",,,,,,,,,,,,,,,,,
714,"Tubo Cortina Duplo",,,,0,0,1,,"un",,,,,,,,,,,,,,,,,
715,"Tubo De Agua Fria 3/4",,,,0,0,3,,"un",,,,,,,,,,,,,,,,,
716,"Tubo De Agua quente 3/4",,,,0,0,6,,"un",,,,,,,,,,,,,,,,,
717,"Tubo De Calia 20mm",,,,0,0,8,,"un",,,,,,,,,,,,,,,,,
718,"Tubo De Cortina",,,,0,0,5,,"un",,,,,,,,,,,,,,,,,
719,"Tubo De Ferro 20*20 1.2",,,,0,0,21,,"un",,,,,,,,,,,,,,,,,
720,"Tubo De Ferro 20*20 1.6",,,,0,0,6,,"un",,,,,,,,,,,,,,,,,
721,"Tubo De Ferro 25*25 1.2",,,,0,0,25,,"un",,,,,,,,,,,,,,,,,
722,"Tubo De Ferro 25*25 1.6",,,,0,0,11,,"un",,,,,,,,,,,,,,,,,
723,"Tubo De Ferro 30*30 1.2",,,,0,0,6,,"un",,,,,,,,,,,,,,,,,
724,"Tubo De Ferro 30*30 1.6",,,,0,0,18,,"un",,,,,,,,,,,,,,,,,
725,"Tubo De Ferro 40*40 1.2",,,,0,0,4,,"un",,,,,,,,,,,,,,,,,
726,"Tubo De Ferro 40*40 1.6",,,,0,0,5,,"un",,,,,,,,,,,,,,,,,
727,"Tubo Ppr 3/4",,,,0,0,9,,"un",,,,,,,,,,,,,,,,,
728,"Tubo Ppr grande",,,,0,0,5,,"un",,,,,,,,,,,,,,,,,
729,"Tubo Preto De Agua 3/4",,,,0,0,289,,"un",,,,,,,,,,,,,,,,,
730,"Tubo Preto De Agua Barra Azul",,,,0,0,160,,"un",,,,,,,,,,,,,,,,,
731,"Tubo Vd 16 Branca",,,,0,0,15,,"un",,,,,,,,,,,,,,,,,
732,"Tubo Vd 16 Nacional",,,,0,0,144.5,,"un",,,,,,,,,,,,,,,,,
733,"Tubo Vd 16 Portugues",,,,0,0,238,,"un",,,,,,,,,,,,,,,,,
734,"Tubo Vd 20 Branca",,,,0,0,18,,"un",,,,,,,,,,,,,,,,,
735,"Tubo VD 20 Normal",,,,0,0,200,,"un",,,,,,,,,,,,,,,,,
736,"Tubo VD 20 Portugues",,,,0,0,138,,"un",,,,,,,,,,,,,,,,,
737,"Turkesh Grande",,,,0,0,16,,"un",,,,,,,,,,,,,,,,,
738,"Turkesh Medio",,,,0,0,4,,"un",,,,,,,,,,,,,,,,,
739,"Uniao 110",,,,0,0,4,,"un",,,,,,,,,,,,,,,,,
740,"Uniao 50",,,,0,0,12,,"un",,,,,,,,,,,,,,,,,
741,"Uniao 75",,,,0,0,8,,"un",,,,,,,,,,,,,,,,,
742,"Uniao Articular",,,,0,0,27,,"un",,,,,,,,,,,,,,,,,
743,"Uniao Copoleno",,,,0,0,40,,"un",,,,,,,,,,,,,,,,,
744,"Uniao especial aperto rapido",,,,0,0,10,,"un",,,,,,,,,,,,,,,,,
745,"Uniao mista aperto rapido",,,,0,0,20,,"un",,,,,,,,,,,,,,,,,
746,"Uniao Uma Polegada",,,,0,0,3,,"un",,,,,,,,,,,,,,,,,
747,"Valvula De Cunha",,,,0,0,3,,"un",,,,,,,,,,,,,,,,,
748,"Valvula De Descarga Plastica",,,,0,0,8,,"un",,,,,,,,,,,,,,,,,
749,"Valvula De Ferro 1 Polegada",,,,0,0,6,,"un",,,,,,,,,,,,,,,,,
750,"Valvula De Ferro 3/4",,,,0,0,6,,"un",,,,,,,,,,,,,,,,,
751,"Valvula De Passagem PPR",,,,0,0,2,,"un",,,,,,,,,,,,,,,,,
752,"Valvula De Retencao",,,,0,0,6,,"un",,,,,,,,,,,,,,,,,
753,"Valvula Descarga Digital",,,,0,0,2,,"un",,,,,,,,,,,,,,,,,
754,"Valvula Descarga Ferro",,,,0,0,22,,"un",,,,,,,,,,,,,,,,,
755,"Valvula Passage Golden",,,,0,0,4,,"un",,,,,,,,,,,,,,,,,
756,"Valvula Plastica 3/4",,,,0,0,49,,"un",,,,,,,,,,,,,,,,,
757,"Varao 10 Nacional",,,,0,0,96,,"un",,,,,,,,,,,,,,,,,
758,"Varao 10 Sul Africano",,,,0,0,52,,"un",,,,,,,,,,,,,,,,,
759,"Varao 6 Nacional",,,,0,0,50,,"un",,,,,,,,,,,,,,,,,
760,"Varao 6 Sul Africano",,,,0,0,27,,"un",,,,,,,,,,,,,,,,,
761,"Varao 8 Nacional",,,,0,0,61,,"un",,,,,,,,,,,,,,,,,
762,"Vassoura De Dentro",,,,0,0,11,,"un",,,,,,,,,,,,,,,,,
763,"Vassoura De Quintal",,,,0,0,15,,"un",,,,,,,,,,,,,,,,,
764,"Vassoura Plastica",,,,0,0,6,,"un",,,,,,,,,,,,,,,,,
765,"Ventilador",,,,0,0,17,,"un",,,,,,,,,,,,,,,,,
766,"Verniz 1l",,,,0,0,16,,"un",,,,,,,,,,,,,,,,,
767,"Verniz 500ml",,,,0,0,19,,"un",,,,,,,,,,,,,,,,,
768,"Verniz 750ml",,,,0,0,14,,"un",,,,,,,,,,,,,,,,,
769,"Verniz Lata 1l",,,,0,0,3,,"un",,,,,,,,,,,,,,,,,
770,"Vintuinha",,,,0,0,1,,"un",,,,,,,,,,,,,,,,,
771,"Zarcao Asian Paints",,,,0,0,9,,"un",,,,,,,,,,,,,,,,,
772,"Zarcao Asian Paints 3.5l",,,,0,0,2,,"un",,,,,,,,,,,,,,,,,
773,"Zarcao Nacional",,,,0,0,6,,"un",,,,,,,,,,,,,,,,,
774,"Zarcao Nacional 3.5l",,,,0,0,2,,"un",,,,,,,,,,,,,,,,,
775,"Zarcao Rubialack 1l",,,,0,0,6,,"un",,,,,,,,,,,,,,,,,
